rank,score,parse_ok,name,total_notes,channels_with_notes,melodic_channels,drum_notes,orphan_off,stuck_notes,duplicate_on,duration_beats,issues
1,0.0,False,Midi (1)/Muske/ZAPALIT CU SVIJEC.KAR,,,,,,,,,PARSE_FAIL:ValueError:RUNNING_STATUS_WITHOUT_STATUS
2,0.0,False,Midi (1)/Muske/JESENJE LISCE.MID,,,,,,,,,PARSE_FAIL:ValueError:RUNNING_STATUS_WITHOUT_STATUS
3,0.0,False,Midi (1)/Narodne/PODIGLA ME IZ PEP.mid,,,,,,,,,PARSE_FAIL:ValueError:RUNNING_STATUS_WITHOUT_STATUS
4,0.0,False,Midi (1)/Tamburaske/Tiho noci.MID,,,,,,,,,PARSE_FAIL:ValueError:RUNNING_STATUS_WITHOUT_STATUS
5,0.0,False,Midi (1)/Narodne/MALO PO MALO.MID,,,,,,,,,PARSE_FAIL:ValueError:RUNNING_STATUS_WITHOUT_STATUS
6,0.0,False,PODIGLA ME IZ PEP.mid,,,,,,,,,PARSE_FAIL:ValueError:RUNNING_STATUS_WITHOUT_STATUS
7,0.0,False,MALO PO MALO.MID,,,,,,,,,PARSE_FAIL:ValueError:RUNNING_STATUS_WITHOUT_STATUS
8,0.0,False,ROMALE ROMALI.mid,,,,,,,,,PARSE_FAIL:ValueError:NO_MTHD
9,0.0,False,Midi (1)/zenske/DANIJELA MIX.mid,,,,,,,,,PARSE_FAIL:ValueError:RUNNING_STATUS_WITHOUT_STATUS
10,0.0,False,PITAJU ME UMOM KRAJU.MID,,,,,,,,,PARSE_FAIL:ValueError:RUNNING_STATUS_WITHOUT_STATUS
11,33.73,True,Midi (1)/Narodne/988 Mitar.MID,11846,13,12,3111,0,0,532,352.0,"NOTE_PAIR_ERRORS:4497 | OVERLAPPING_SAME_NOTE:532 | MICRO_GATE:ch11=1.00 | FLAT_VELOCITY:ch4,ch9,ch6,ch5,ch3,ch1 | EXTREME_MELODIC_REGISTER:ch9"
12,33.73,True,988 Mitar.MID,11846,13,12,3111,0,0,532,352.0,"NOTE_PAIR_ERRORS:4497 | OVERLAPPING_SAME_NOTE:532 | MICRO_GATE:ch11=1.00 | FLAT_VELOCITY:ch4,ch9,ch6,ch5,ch3,ch1 | EXTREME_MELODIC_REGISTER:ch9"
13,36.0,True,U kafani punoj dima.mid,14213,12,11,6731,25344,0,14,369.25,"NOTE_PAIR_ERRORS:25344 | FLAT_VELOCITY:ch1,ch4,ch5,ch6,ch8,ch15 | VERY_HIGH_NOTE_DENSITY:ch2 | DRUM_CORE_WEAK_OR_NONSTANDARD | PERCUSSION_CLUTTER"
14,39.5,True,SVIDJA MI SE TVOJA DEVOJKA.mid,14696,15,14,8094,6704,0,2,600.95,NOTE_PAIR_ERRORS:6704 | FLAT_VELOCITY:ch15 | EXTREME_MELODIC_REGISTER:ch8 | DRUM_CORE_WEAK_OR_NONSTANDARD | PERCUSSION_CLUTTER
15,41.5,True,Midi (1)/Narodne/TVOJOM ULICOM VISE NE PROLAZIM kar.KAR,8154,16,15,4599,0,0,0,524.98,"NOTE_PAIR_ERRORS:4596 | FLAT_VELOCITY:ch1,ch4,ch5 | DRUM_CORE_WEAK_OR_NONSTANDARD | PERCUSSION_CLUTTER"
16,41.5,True,TVOJOM ULICOM VISE NE PROLAZIM kar.KAR,8154,16,15,4599,0,0,0,524.98,"NOTE_PAIR_ERRORS:4596 | FLAT_VELOCITY:ch1,ch4,ch5 | DRUM_CORE_WEAK_OR_NONSTANDARD | PERCUSSION_CLUTTER"
17,42.39,True,"Midi (1)/Narodne/ONA,ONA.mid",6519,11,10,2639,0,0,0,512.0,"NOTE_PAIR_ERRORS:2432 | FLAT_VELOCITY:ch1,ch5,ch6 | DRUM_CORE_WEAK_OR_NONSTANDARD | PERCUSSION_CLUTTER"
18,42.39,True,"ONA,ONA.mid",6519,11,10,2639,0,0,0,512.0,"NOTE_PAIR_ERRORS:2432 | FLAT_VELOCITY:ch1,ch5,ch6 | DRUM_CORE_WEAK_OR_NONSTANDARD | PERCUSSION_CLUTTER"
19,43.0,True,OVO NECE IZACI NA DOBRO kar Dara Bubamara.mid,19205,13,12,4599,7696,0,187,347.12,"NOTE_PAIR_ERRORS:7696 | FLAT_VELOCITY:ch5,ch8,ch14,ch7,ch15 | VERY_HIGH_NOTE_DENSITY:ch1,ch2 | PERCUSSION_CLUTTER"
20,45.0,True,Midi (1)/Narodne/DRUGOVI SE MOJI VEC POZENILI.mid,8560,11,10,4250,0,0,6,600.0,"NOTE_PAIR_ERRORS:4250 | FLAT_VELOCITY:ch2,ch3,ch4,ch5,ch7,ch9 | VERY_HIGH_NOTE_DENSITY:ch1 | PERCUSSION_CLUTTER"
21,45.0,True,Bozo_Vorotovic_-_Kafana_mi_sve_.mid,8560,11,10,4250,0,0,6,596.61,"NOTE_PAIR_ERRORS:4250 | FLAT_VELOCITY:ch2,ch3,ch4,ch5,ch7,ch9 | VERY_HIGH_NOTE_DENSITY:ch1 | PERCUSSION_CLUTTER"
22,45.0,True,DRUGOVI SE MOJI VEC POZENILI.mid,8560,11,10,4250,0,0,6,600.0,"NOTE_PAIR_ERRORS:4250 | FLAT_VELOCITY:ch2,ch3,ch4,ch5,ch7,ch9 | VERY_HIGH_NOTE_DENSITY:ch1 | PERCUSSION_CLUTTER"
23,47.4,True,Midi (1)/Muske/SAM PAO SAM SE UBIO.KAR,8444,9,8,3909,384,0,1296,425.84,"NOTE_PAIR_ERRORS:2339 | OVERLAPPING_SAME_NOTE:1296 | FLAT_VELOCITY:ch2,ch3,ch5,ch7 | PERCUSSION_CLUTTER"
24,47.8,True,Midi (1)/Narodne/DVADESETCETIRI  SATA.MID,13473,12,11,3108,0,0,0,344.0,"NOTE_PAIR_ERRORS:2156 | MICRO_GATE:ch4=0.61 | FLAT_VELOCITY:ch7,ch1 | VERY_HIGH_NOTE_DENSITY:ch4 | PERCUSSION_CLUTTER"
25,47.8,True,Midi (1)/Narodne/24 SATA.MID,13473,12,11,3108,0,0,0,344.0,"NOTE_PAIR_ERRORS:2156 | MICRO_GATE:ch4=0.61 | FLAT_VELOCITY:ch7,ch1 | VERY_HIGH_NOTE_DENSITY:ch4 | PERCUSSION_CLUTTER"
26,47.8,True,DVADESETCETIRI  SATA.MID,13473,12,11,3108,0,0,0,344.0,"NOTE_PAIR_ERRORS:2156 | MICRO_GATE:ch4=0.61 | FLAT_VELOCITY:ch7,ch1 | VERY_HIGH_NOTE_DENSITY:ch4 | PERCUSSION_CLUTTER"
27,47.8,True,24 SATA.MID,13473,12,11,3108,0,0,0,344.0,"NOTE_PAIR_ERRORS:2156 | MICRO_GATE:ch4=0.61 | FLAT_VELOCITY:ch7,ch1 | VERY_HIGH_NOTE_DENSITY:ch4 | PERCUSSION_CLUTTER"
28,48.0,True,Midi (1)/Narodne/DIGI DIGI DAJ.MID,7724,6,5,4757,0,0,0,558.6,NOTE_PAIR_ERRORS:4224 | DRUM_CORE_WEAK_OR_NONSTANDARD | PERCUSSION_CLUTTER
29,48.0,True,DIGI DIGI DAJ.MID,7724,6,5,4757,0,0,0,558.6,NOTE_PAIR_ERRORS:4224 | DRUM_CORE_WEAK_OR_NONSTANDARD | PERCUSSION_CLUTTER
30,48.38,True,Midi (1)/Muske/dalibor brun - da je slade zaspati dobro je srce vuce nije h.mid,13488,13,12,4452,4552,0,7,508.0,"NOTE_PAIR_ERRORS:4552 | FLAT_VELOCITY:ch8,ch15,ch4,ch5,ch12 | VERY_HIGH_NOTE_DENSITY:ch2 | PERCUSSION_CLUTTER"
31,48.66,True,Midi (1)/Narodne/SAD JE KASNO sasa matic.KAR,8547,13,12,3445,2072,0,124,420.18,NOTE_PAIR_ERRORS:2072 | OVERLAPPING_SAME_NOTE:124 | FLAT_VELOCITY:ch15 | EXTREME_MELODIC_REGISTER:ch11 | DRUM_CORE_WEAK_OR_NONSTANDARD | PERCUSSION_CLUTTER
32,48.66,True,SAD JE KASNO sasa matic.KAR,8547,13,12,3445,2072,0,124,420.18,NOTE_PAIR_ERRORS:2072 | OVERLAPPING_SAME_NOTE:124 | FLAT_VELOCITY:ch15 | EXTREME_MELODIC_REGISTER:ch11 | DRUM_CORE_WEAK_OR_NONSTANDARD | PERCUSSION_CLUTTER
33,50.42,True,Midi (1)/Narodne/OSTAVI ME.mid,7848,14,13,2401,0,0,0,398.0,"NOTE_PAIR_ERRORS:1859 | FLAT_VELOCITY:ch1,ch3,ch4,ch11,ch12,ch13 | DRUM_CORE_WEAK_OR_NONSTANDARD | PERCUSSION_CLUTTER"
34,50.42,True,OSTAVI ME.mid,7848,14,13,2401,0,0,0,398.0,"NOTE_PAIR_ERRORS:1859 | FLAT_VELOCITY:ch1,ch3,ch4,ch11,ch12,ch13 | DRUM_CORE_WEAK_OR_NONSTANDARD | PERCUSSION_CLUTTER"
35,50.5,True,Midi (1)/Narodne/NISI TI.MID,11281,11,10,5053,0,0,0,448.3,"NOTE_PAIR_ERRORS:5053 | FLAT_VELOCITY:ch5,ch2,ch14 | PERCUSSION_CLUTTER"
36,50.5,True,NISI TI.MID,11281,11,10,5053,0,0,0,448.3,"NOTE_PAIR_ERRORS:5053 | FLAT_VELOCITY:ch5,ch2,ch14 | PERCUSSION_CLUTTER"
37,50.5,True,NISI TI (1).MID,11281,11,10,5053,0,0,0,448.3,"NOTE_PAIR_ERRORS:5053 | FLAT_VELOCITY:ch5,ch2,ch14 | PERCUSSION_CLUTTER"
38,50.53,True,BAS MI SE SVIDZA TVOJA DEVOJKA.mid,14696,15,14,8094,3352,0,2,600.95,NOTE_PAIR_ERRORS:3352 | FLAT_VELOCITY:ch15 | EXTREME_MELODIC_REGISTER:ch8 | DRUM_CORE_WEAK_OR_NONSTANDARD | PERCUSSION_CLUTTER
39,51.35,True,KO DA SUTRA NEPOS.MID,19080,7,6,6529,0,0,0,355.48,"NOTE_PAIR_ERRORS:2 | MICRO_GATE:ch2=0.53 | FLAT_VELOCITY:ch1,ch4 | VERY_HIGH_NOTE_DENSITY:ch2 | DRUM_CORE_WEAK_OR_NONSTANDARD | PERCUSSION_CLUTTER"
40,51.5,True,Dali me vara sa tobom.mid,22116,15,14,8541,0,0,0,408.0,"EXCESSIVE_LONG_GATES_CH13 | EXCESSIVE_LONG_GATES_CH14 | FLAT_VELOCITY:ch2,ch6,ch7 | EXTREME_MELODIC_REGISTER:ch2 | VERY_HIGH_NOTE_DENSITY:ch3,ch5 | DRUM_CORE_WEAK_OR_NONSTANDARD | PERCUSSION_CLUTTER"
41,52.0,True,DA LI SI DOBRO SPA.mid,6338,14,13,2963,4288,0,20,468.0,"NOTE_PAIR_ERRORS:4297 | FLAT_VELOCITY:ch1,ch6 | PERCUSSION_CLUTTER"
42,52.29,True,Midi (1)/Narodne/ne ne vjeruj.KAR,2351,8,7,452,0,0,2,324.02,NOTE_PAIR_ERRORS:427 | DRUM_VERY_LOW_ELEMENT_DIVERSITY | DRUM_CORE_WEAK_OR_NONSTANDARD | PERCUSSION_CLUTTER
43,52.29,True,ne ne vjeruj.KAR,2351,8,7,452,0,0,2,324.02,NOTE_PAIR_ERRORS:427 | DRUM_VERY_LOW_ELEMENT_DIVERSITY | DRUM_CORE_WEAK_OR_NONSTANDARD | PERCUSSION_CLUTTER
44,52.34,True,Midi (1)/Narodne/STO POSTO Hakala.kar,11647,13,12,3973,2688,0,22,332.5,"NOTE_PAIR_ERRORS:2688 | FLAT_VELOCITY:ch7,ch8,ch15 | DRUM_CORE_WEAK_OR_NONSTANDARD | PERCUSSION_CLUTTER"
45,52.34,True,STO POSTO Hakala.kar,11647,13,12,3973,2688,0,22,332.5,"NOTE_PAIR_ERRORS:2688 | FLAT_VELOCITY:ch7,ch8,ch15 | DRUM_CORE_WEAK_OR_NONSTANDARD | PERCUSSION_CLUTTER"
46,52.5,True,Midi (1)/Muske/Lola.kar,5640,6,5,2683,0,0,6,528.0,"NOTE_PAIR_ERRORS:2453 | MANY_EMPTY_TRACKS | FLAT_VELOCITY:ch6,ch7,ch11"
47,52.58,True,Midi (1)/Narodne/VOLET CU DE DO SMRTI.mid,8800,6,5,6068,0,0,0,449.25,"NOTE_PAIR_ERRORS:6068 | EXCESSIVE_LONG_GATES_CH5 | FLAT_VELOCITY:ch5,ch3,ch4,ch1"
48,52.58,True,VOLET CU DE DO SMRTI.mid,8800,6,5,6068,0,0,0,449.25,"NOTE_PAIR_ERRORS:6068 | EXCESSIVE_LONG_GATES_CH5 | FLAT_VELOCITY:ch5,ch3,ch4,ch1"
49,53.0,True,NEODOLJIVO.mid,22656,8,7,9407,0,0,20,437.0,"MICRO_GATE:ch3=0.62 | FLAT_VELOCITY:ch6,ch7,ch11,ch1,ch9 | VERY_HIGH_NOTE_DENSITY:ch2,ch3 | DRUM_CORE_WEAK_OR_NONSTANDARD | PERCUSSION_CLUTTER"
50,53.01,True,Midi (1)/zenske/KRIVA.KAR,17521,7,6,3715,0,0,0,460.75,"NOTE_PAIR_ERRORS:1990 | MICRO_GATE:ch2=0.40 | FLAT_VELOCITY:ch3,ch6 | VERY_HIGH_NOTE_DENSITY:ch5,ch2 | PERCUSSION_CLUTTER"
51,53.2,True,Midi (1)/Narodne/HOCU NECU.MID,9437,8,7,4007,0,0,0,647.51,"NOTE_PAIR_ERRORS:2063 | FLAT_VELOCITY:ch2,ch9,ch3 | DRUM_CORE_WEAK_OR_NONSTANDARD | PERCUSSION_CLUTTER"
52,53.2,True,HOCU NECU.MID,9437,8,7,4007,0,0,0,647.51,"NOTE_PAIR_ERRORS:2063 | FLAT_VELOCITY:ch2,ch9,ch3 | DRUM_CORE_WEAK_OR_NONSTANDARD | PERCUSSION_CLUTTER"
53,53.73,True,Midi (1)/Narodne/RESKIRAJ sasa matic.KAR,8023,14,13,2006,2552,0,10,228.25,"NOTE_PAIR_ERRORS:2552 | FLAT_VELOCITY:ch1,ch4,ch7,ch8,ch11,ch12 | PERCUSSION_CLUTTER"
54,53.73,True,RESKIRAJ sasa matic.KAR,8023,14,13,2006,2552,0,10,228.25,"NOTE_PAIR_ERRORS:2552 | FLAT_VELOCITY:ch1,ch4,ch7,ch8,ch11,ch12 | PERCUSSION_CLUTTER"
55,53.92,True,Midi (1)/Narodne/Poznao bih temedju hiljaduzena.kar,7925,6,5,2015,0,0,0,712.49,"NOTE_PAIR_ERRORS:553 | MICRO_GATE:ch4=0.36 | FLAT_VELOCITY:ch1,ch5 | DRUM_CORE_WEAK_OR_NONSTANDARD | PERCUSSION_CLUTTER"
56,53.92,True,Poznao bih temedju hiljaduzena.kar,7925,6,5,2015,0,0,0,712.49,"NOTE_PAIR_ERRORS:553 | MICRO_GATE:ch4=0.36 | FLAT_VELOCITY:ch1,ch5 | DRUM_CORE_WEAK_OR_NONSTANDARD | PERCUSSION_CLUTTER"
57,54.03,True,Midi (1)/Narodne/NEPOPRAVLJIVO.KAR,19210,12,11,6472,0,0,472,461.49,"NOTE_PAIR_ERRORS:960 | OVERLAPPING_SAME_NOTE:472 | MICRO_GATE:ch6=0.61 | FLAT_VELOCITY:ch16,ch15 | VERY_HIGH_NOTE_DENSITY:ch2 | PERCUSSION_CLUTTER"
58,54.03,True,NEPOPRAVLJIVO.KAR,19210,12,11,6472,0,0,472,461.49,"NOTE_PAIR_ERRORS:960 | OVERLAPPING_SAME_NOTE:472 | MICRO_GATE:ch6=0.61 | FLAT_VELOCITY:ch16,ch15 | VERY_HIGH_NOTE_DENSITY:ch2 | PERCUSSION_CLUTTER"
59,54.5,True,Midi (1)/Muske/BAS TI LIJEPO STOJ.kar,9500,11,10,1923,0,0,0,360.0,NOTE_PAIR_ERRORS:2403 | MICRO_GATE:ch2=0.41 | FLAT_VELOCITY:ch4 | VERY_HIGH_NOTE_DENSITY:ch2
60,55.28,True,Midi (1)/Narodne/JASMINA-MILE KITIC.mid,8231,11,10,3031,0,0,847,408.0,"NOTE_PAIR_ERRORS:1887 | OVERLAPPING_SAME_NOTE:847 | FLAT_VELOCITY:ch7,ch9,ch8 | PERCUSSION_CLUTTER"
61,55.28,True,JASMINA-MILE KITIC.mid,8231,11,10,3031,0,0,847,408.0,"NOTE_PAIR_ERRORS:1887 | OVERLAPPING_SAME_NOTE:847 | FLAT_VELOCITY:ch7,ch9,ch8 | PERCUSSION_CLUTTER"
62,55.4,True,PEPELJARA.mid,12040,15,14,3778,1600,0,462,501.67,"NOTE_PAIR_ERRORS:1600 | OVERLAPPING_SAME_NOTE:462 | FLAT_VELOCITY:ch1,ch2,ch9,ch11,ch15 | EXTREME_MELODIC_REGISTER:ch14 | VERY_HIGH_NOTE_DENSITY:ch7 | PERCUSSION_CLUTTER"
63,55.93,True,Midi (1)/Narodne/DOLAZIM.MID,14848,10,9,4785,0,0,1741,300.0,"NOTE_PAIR_ERRORS:7 | OVERLAPPING_SAME_NOTE:1741 | FLAT_VELOCITY:ch1,ch3,ch9,ch14,ch15 | VERY_HIGH_NOTE_DENSITY:ch12 | DRUM_CORE_WEAK_OR_NONSTANDARD | PERCUSSION_CLUTTER"
64,55.93,True,DOLAZIM.MID,14848,10,9,4785,0,0,1741,300.0,"NOTE_PAIR_ERRORS:7 | OVERLAPPING_SAME_NOTE:1741 | FLAT_VELOCITY:ch1,ch3,ch9,ch14,ch15 | VERY_HIGH_NOTE_DENSITY:ch12 | DRUM_CORE_WEAK_OR_NONSTANDARD | PERCUSSION_CLUTTER"
65,55.98,True,Midi (1)/Muske/APOKALIPSO.mid,5105,8,7,1875,0,0,45,344.24,"NOTE_PAIR_ERRORS:913 | FLAT_VELOCITY:ch7,ch6,ch8 | DRUM_CORE_WEAK_OR_NONSTANDARD | PERCUSSION_CLUTTER"
66,55.98,True,Midi (1)/Muske/APOKALIPSO.KAR,5105,8,7,1875,0,0,45,348.0,"NOTE_PAIR_ERRORS:913 | FLAT_VELOCITY:ch6,ch7,ch8 | DRUM_CORE_WEAK_OR_NONSTANDARD | PERCUSSION_CLUTTER"
67,56.21,True,SPREMAJ SRCE.mid,11346,15,14,4903,0,0,527,276.28,"OVERLAPPING_SAME_NOTE:527 | MICRO_GATE:ch7=0.68 | FLAT_VELOCITY:ch2,ch3,ch4,ch7,ch8,ch9 | DRUM_CORE_WEAK_OR_NONSTANDARD | PERCUSSION_CLUTTER"
68,56.73,True,Midi (1)/zenske/VIRUJEN U TE.KAR,9400,16,15,2748,0,0,117,668.0,NOTE_PAIR_ERRORS:4 | OVERLAPPING_SAME_NOTE:117 | EXCESSIVE_LONG_GATES_CH1 | EXCESSIVE_LONG_GATES_CH3 | EXCESSIVE_LONG_GATES_CH4 | EXCESSIVE_LONG_GATES_CH16 | HUGE_PITCH_RANGE:ch16 | PERCUSSION_CLUTTER
69,56.79,True,Rodjena s vukovima - Seka Aleksic.mid,16209,12,11,6840,42,0,659,421.74,"NOTE_PAIR_ERRORS:63 | OVERLAPPING_SAME_NOTE:659 | FLAT_VELOCITY:ch5,ch4,ch1,ch16,ch15 | HUGE_PITCH_RANGE:ch3 | VERY_HIGH_NOTE_DENSITY:ch2 | DRUM_CORE_WEAK_OR_NONSTANDARD | PERCUSSION_CLUTTER"
70,57.0,True,Midi (1)/Narodne/COVJEK KAFANSKI.KAR,4122,8,7,1809,0,0,0,206.88,"NOTE_PAIR_ERRORS:1770 | FLAT_VELOCITY:ch1,ch2,ch4,ch5,ch13"
71,57.0,True,COVJEK KAFANSKI (1).KAR,4122,8,7,1809,0,0,0,206.88,"NOTE_PAIR_ERRORS:1770 | FLAT_VELOCITY:ch1,ch2,ch4,ch5,ch13"
72,57.0,True,COVJEK KAFANSKI.KAR,4122,8,7,1809,0,0,0,206.88,"NOTE_PAIR_ERRORS:1770 | FLAT_VELOCITY:ch1,ch2,ch4,ch5,ch13"
73,57.0,True,O O DA.MID,4462,5,4,3390,0,0,0,360.17,NOTE_PAIR_ERRORS:2862 | PERCUSSION_CLUTTER
74,57.0,True,Midi (1)/Narodne/KO TE LJUBI OVIH DA.mid,7568,12,11,1413,7120,0,4,440.5,"NOTE_PAIR_ERRORS:7120 | FLAT_VELOCITY:ch6,ch8,ch11,ch15"
75,57.0,True,KO TE LJUBI OVIH DA.mid,7568,12,11,1413,7120,0,4,440.5,"NOTE_PAIR_ERRORS:7120 | FLAT_VELOCITY:ch6,ch8,ch11,ch15"
76,57.0,True,Midi (1)/zenske/otkad te nema - alka vuica 2.mid,12308,6,5,5248,0,0,0,668.23,NOTE_PAIR_ERRORS:5298 | PERCUSSION_CLUTTER
77,58.5,True,Midi (1)/Narodne/PISI PISI JARANE.KAR,9177,6,5,3948,0,0,0,762.88,"NOTE_PAIR_ERRORS:4011 | FLAT_VELOCITY:ch1,ch2,ch7"
78,58.5,True,PISI PISI JARANE.KAR,9177,6,5,3948,0,0,0,762.88,"NOTE_PAIR_ERRORS:4011 | FLAT_VELOCITY:ch1,ch2,ch7"
79,58.72,True,Midi (1)/Tamburaske/Leina.MID,5977,4,3,308,12,12,3735,356.22,NOTE_PAIR_ERRORS:24 | OVERLAPPING_SAME_NOTE:3735 | VERY_HIGH_NOTE_DENSITY:ch4 | DRUM_CORE_WEAK_OR_NONSTANDARD | PERCUSSION_CLUTTER
80,58.93,True,Midi (1)/Narodne/VARAO ME JARAN MOJ Ado Gegaj.mid,14561,9,8,5499,0,0,56,516.32,"NOTE_PAIR_ERRORS:15 | MICRO_GATE:ch11=1.00 | FLAT_VELOCITY:ch4,ch13,ch1,ch9,ch2,ch14 | DRUM_CORE_WEAK_OR_NONSTANDARD"
81,58.93,True,VARAO ME JARAN MOJ Ado Gegaj.mid,14561,9,8,5499,0,0,56,516.32,"NOTE_PAIR_ERRORS:15 | MICRO_GATE:ch11=1.00 | FLAT_VELOCITY:ch4,ch13,ch1,ch9,ch2,ch14 | DRUM_CORE_WEAK_OR_NONSTANDARD"
82,59.0,True,Midi (1)/Narodne/ZABORAVI ME zeljko.mid,11082,12,11,4861,0,0,0,456.33,"MICRO_GATE:ch8=0.74 | FLAT_VELOCITY:ch1,ch2,ch3,ch6,ch15 | DRUM_CORE_WEAK_OR_NONSTANDARD | PERCUSSION_CLUTTER"
83,59.0,True,ZABORAVI ME zeljko.mid,11082,12,11,4861,0,0,0,456.33,"MICRO_GATE:ch8=0.74 | FLAT_VELOCITY:ch1,ch2,ch3,ch6,ch15 | DRUM_CORE_WEAK_OR_NONSTANDARD | PERCUSSION_CLUTTER"
84,59.0,True,Midi (1)/Narodne/NE TROSI SUZE NA MENE.KAR,17092,14,13,5345,0,0,4475,361.5,"OVERLAPPING_SAME_NOTE:4475 | FLAT_VELOCITY:ch4,ch1,ch16,ch5,ch15 | VERY_HIGH_NOTE_DENSITY:ch2 | DRUM_CORE_WEAK_OR_NONSTANDARD | PERCUSSION_CLUTTER"
85,59.0,True,NE TROSI SUZE NA MENE.KAR,17092,14,13,5345,0,0,4475,361.5,"OVERLAPPING_SAME_NOTE:4475 | FLAT_VELOCITY:ch4,ch1,ch16,ch5,ch15 | VERY_HIGH_NOTE_DENSITY:ch2 | DRUM_CORE_WEAK_OR_NONSTANDARD | PERCUSSION_CLUTTER"
86,59.03,True,OBELEZENA.mid,12308,15,14,3446,0,0,0,478.0,"NOTE_PAIR_ERRORS:435 | MICRO_GATE:ch16=1.00 | FLAT_VELOCITY:ch8,ch15,ch16 | PERCUSSION_CLUTTER"
87,59.08,True,Midi (1)/Muske/Ta tvoja crna oka dva.mid,5749,6,5,3303,0,0,877,272.25,NOTE_PAIR_ERRORS:932 | OVERLAPPING_SAME_NOTE:877 | MICRO_GATE:ch5=0.42
88,59.26,True,Midi (1)/zenske/JUTRO DONOSI KRAJ.KAR,5779,11,10,2277,0,0,28,480.0,"NOTE_PAIR_ERRORS:20 | MICRO_GATE:ch11=1.00 | FLAT_VELOCITY:ch4,ch6,ch7,ch8,ch9,ch12 | EXTREME_MELODIC_REGISTER:ch11 | HUGE_PITCH_RANGE:ch11"
89,59.32,True,Midi (1)/Narodne/PROKLETA JE VIOLI.mid,8162,11,10,3214,0,0,12,360.37,"NOTE_PAIR_ERRORS:895 | FLAT_VELOCITY:ch1,ch3,ch5,ch7,ch8,ch9 | DRUM_CORE_WEAK_OR_NONSTANDARD | PERCUSSION_CLUTTER"
90,59.32,True,PROKLETA JE VIOLI.mid,8162,11,10,3214,0,0,12,360.37,"NOTE_PAIR_ERRORS:895 | FLAT_VELOCITY:ch1,ch3,ch5,ch7,ch8,ch9 | DRUM_CORE_WEAK_OR_NONSTANDARD | PERCUSSION_CLUTTER"
91,59.47,True,Midi (1)/Narodne/EMOTIVAC kar sinan_sakic.mid,17489,15,14,5114,1256,0,36,435.59,"NOTE_PAIR_ERRORS:1256 | FLAT_VELOCITY:ch4,ch8,ch15 | VERY_HIGH_NOTE_DENSITY:ch9 | DRUM_CORE_WEAK_OR_NONSTANDARD | PERCUSSION_CLUTTER"
92,59.47,True,EMOTIVAC kar sinan_sakic.mid,17489,15,14,5114,1256,0,36,435.59,"NOTE_PAIR_ERRORS:1256 | FLAT_VELOCITY:ch4,ch8,ch15 | VERY_HIGH_NOTE_DENSITY:ch9 | DRUM_CORE_WEAK_OR_NONSTANDARD | PERCUSSION_CLUTTER"
93,59.6,True,Midi (1)/Narodne/VOLIM TE NA KVADRAT  Deni Bonestaj.mid,9320,5,4,6092,944,0,196,512.99,NOTE_PAIR_ERRORS:1416 | OVERLAPPING_SAME_NOTE:196 | FLAT_VELOCITY:ch1 | DRUM_CORE_WEAK_OR_NONSTANDARD | PERCUSSION_CLUTTER
94,59.6,True,VOLIM TE NA KVADRAT  Deni Bonestaj.mid,9320,5,4,6092,944,0,196,512.99,NOTE_PAIR_ERRORS:1416 | OVERLAPPING_SAME_NOTE:196 | FLAT_VELOCITY:ch1 | DRUM_CORE_WEAK_OR_NONSTANDARD | PERCUSSION_CLUTTER
95,60.0,True,Midi (1)/Narodne/CUDNA ZENA BESE VERA kar Edo.kar,6762,8,7,3633,0,0,31,319.96,"NOTE_PAIR_ERRORS:2976 | FLAT_VELOCITY:ch2,ch3"
96,60.0,True,CUDNA ZENA BESE VERA kar Edo.kar,6762,8,7,3633,0,0,31,319.96,"NOTE_PAIR_ERRORS:2976 | FLAT_VELOCITY:ch2,ch3"
97,60.03,True,NAPRAVIT CU LOM kar Maja_Marijana.mid,10111,14,13,5071,1440,0,0,520.09,"NOTE_PAIR_ERRORS:1440 | FLAT_VELOCITY:ch8,ch15 | DRUM_CORE_WEAK_OR_NONSTANDARD | PERCUSSION_CLUTTER"
98,60.3,True,Midi (1)/Narodne/CRNA ZENO SA OCIMA PLAVIM.MID,7204,6,5,4095,0,0,0,390.25,NOTE_PAIR_ERRORS:3568 | FLAT_VELOCITY:ch2 | PROGRAM_CHURN:1
99,60.3,True,CRNA ZENO SA OCIMA PLAVIM.MID,7204,6,5,4095,0,0,0,390.25,NOTE_PAIR_ERRORS:3568 | FLAT_VELOCITY:ch2 | PROGRAM_CHURN:1
100,60.65,True,Midi (1)/Narodne/KUDA IDU LJUDI KA.mid,5636,8,7,3258,0,0,80,310.0,NOTE_PAIR_ERRORS:2561 | OVERLAPPING_SAME_NOTE:80 | FLAT_VELOCITY:ch6
